Tweet,Date,Cleaned_Tweet
"üí∏ MASSIVE SAVINGS + COUPON:
for Magsafe Battery Pack: [Qi2 Certified] Wireless 10000mAh PD 30/35W Portable Charger for iPhone 16/15/14/13/12 Pro/Max Magnetic Power Bank with Biult-in USB-C Fast Charging Cable B

Regular Price: $39.99 
Deal Price: $13.99
Extra Savings with Code: https://t.co/IV5HIQsyIs",2025-04-27 00:53:00+00:00,massive savings coupon magsafe battery pack qi certified wireless mah pd w portable charger iphone promax magnetic power bank biultin usbc fast charging cable b regular price deal price extra savings code
"@CNBC China will likely retain manufacturing dominance for non-US iPhone markets due to its 80% production capacity &amp; established infrastructure. India‚Äôs growing role, now at 20% of global output, focuses on US &amp; local markets. The shift signals true decoupling

https://t.co/A9gFYZ4Ydo",2025-04-27 00:52:59+00:00,china likely retain manufacturing dominance nonus iphone markets due production capacity amp established infrastructure indias growing role global output focuses us amp local markets shift signals true decoupling
Why there is no @goodreads app widget on iphone? Something like that https://t.co/2AfbQivsz8,2025-04-27 00:52:58+00:00,app widget iphone something like
@YinZP365 so are you saying india will benefit with apple moving some iphone assembly? and how does the US benefit? dollar milkshake?,2025-04-27 00:52:02+00:00,saying india benefit apple moving iphone assembly us benefit dollar milkshake
"Recorded TV broadcast slomo with a 
 iphone on slomo mode. U could probably slomo the slomo on another iphone and get ur answer https://t.co/bKrvZdWOiV",2025-04-27 00:51:28+00:00,recorded tv broadcast slomo iphone slomo mode u could probably slomo slomo another iphone get ur answer
"@JoshuaMPatton Hey, your welcome to think what you want. I am glad you enjoy it. I am not gonna say you can't

This to me as far away from art you can get. It's just cold hard corporate products. In my mind we may as well be talking about how an iphone is art. That's just how it is.",2025-04-27 00:51:28+00:00,hey welcome think want glad enjoy gonna say cant far away art get cold hard corporate products mind may well talking iphone art thats
"@ratedeforegirl ""Spent all the money on an iPhone, no budget left for a pen""",2025-04-27 00:51:16+00:00,spent money iphone budget left pen
Apple Warns iPhone Users To Delete This App Immediately | 96.3 WJIZ https://t.co/1cKU6Xd8KO https://t.co/vTog0UCtWF,2025-04-27 00:51:01+00:00,apple warns iphone users delete app immediately wjiz
@honeymaebae You don't have an iPhone! :: snicker :: üò¨,2025-04-27 00:51:00+00:00,dont iphone snicker
"@KuroNoKarxsu my GPU for my pc is Intel(R) HD Graphics 4000 (32 MB)

CPU is  Intel(R) Core(TM) i7-3770 CPU @ 3.40GHz  

which, in laymans terms, is  A POTATO and cannot run pgr at all. or high tier games (mainly)

I did recently get a iphone that could..probably run it decently.",2025-04-27 00:50:45+00:00,gpu pc intelr hd graphics mb cpu intelr coretm cpu ghz laymans terms potato cannot run pgr high tier games mainly recently get iphone couldprobably run decently
WIN an Apple iPhone 16 Pro Max + Cygnett wireless prize pack.¬†PLUS enter for a chance to win 1 of 12 weekly prizes! https://t.co/8IBwGf3u7c,2025-04-27 00:50:39+00:00,win apple iphone pro max cygnett wireless prize pack plus enter chance win weekly prizes
"üöÄ DeFi‚Äôs iPhone moment is here!

Degen Arena is LIVE at https://t.co/vJNdnMbh9l - Earn XP by trading, swapping, holding assets, and inviting friends. Your XP isn‚Äôt just for bragging rights: it‚Äôs your ticket to the upcoming $HOME token airdrop and exclusive rewards!

Why is",2025-04-27 00:50:36+00:00,defis iphone moment degen arena live earn xp trading swapping holding assets inviting friends xp isnt bragging rights ticket upcoming home token airdrop exclusive rewards
@LeakerApple It looks cool. A thousand times better than those iPhone 17 renditions,2025-04-27 00:50:29+00:00,looks cool thousand times better iphone renditions
@Zlatan_Ibile @Zlatan_Ibile great win my boss I have always dreamt of using an iPhone for better communication and retweeting of Barca news and games how I wish this message will get to you sir and make this dream come true and celebrate this win together üèÜ. VISCA BARVA VISCA CATALONA üèÜüèÜ‚ù§Ô∏è,2025-04-27 00:50:25+00:00,great win boss always dreamt using iphone better communication retweeting barca news games wish message get sir make dream come true celebrate win together visca barva visca catalona
"@RetroAgent12 iPhone from China to... India! Not the USA.
The Art of the Deal",2025-04-27 00:49:48+00:00,iphone china india usa art deal
@jaehmrk it‚Äôs rlly good üò≠ omg the iphone 7-8 had thee best camera qualities idcccc,2025-04-27 00:48:55+00:00,rlly good omg iphone thee best camera qualities idcccc
YEYYY!!!! HELLOO IPHONE 16 PLUS HUHUHUHUHH I LOVE MYSELFFFF,2025-04-27 00:48:51+00:00,yeyyy helloo iphone plus huhuhuhuhh love myselffff
"@rincidium life is usually more complex, eg:
- Microsoft Word and Excel (native apps for Windows) are still way more popular than all web 2.0 document editing tools combined.
- Web apps were supposed to replace native apps, but they didn't due to iPhone native apps
- iPad was supposed to",2025-04-27 00:48:15+00:00,life usually complex eg microsoft word excel native apps windows still way popular web document editing tools combined web apps supposed replace native apps didnt due iphone native apps ipad supposed
"@MAGAResource U Said winning?? Hahaha..u moron..u know what china will do when the productions move to India? They will block iPhone sales in china and replace with huawei..millions iPhone sales will drop, u said thats winning?? Stupid",2025-04-27 00:48:13+00:00,u said winning hahahau moronu know china productions move india block iphone sales china replace huaweimillions iphone sales drop u said thats winning stupid
"Apple plans to produce all US-sold iPhones in India by 2026.
Amazing @GiveRep

#giverep #crypto #iphone
#amici24 #CopaDelRey #PerfectMatchXtra #Bitcoin #SB19 #JHOPE #ÿßŸÑŸáŸÑÿßŸÑ_ÿ∫ŸàÿßŸÜÿ∫ÿ¨Ÿà #TheNextPrince #DoekOnFleekMeetsAshley #Pakistan https://t.co/0Os7KTU3vY",2025-04-27 00:48:09+00:00,apple plans produce ussold iphones india amazing
"@Mont_Jiang The MAGA goalpost got shifted from ""bring the jobs home"" to cleansing the iphone supply chain of communists/globalists (same thing) by moving final assembly to India. So much winning.",2025-04-27 00:47:59+00:00,maga goalpost got shifted bring jobs home cleansing iphone supply chain communistsglobalists thing moving final assembly india much winning
@m_franceschetti Can you please fix the 8sleep iPhone app update. It‚Äôs a real pain to change temperatures by 1 now. Hitting the increase button jumps 2. You can increment in steps of one by holding it and then taking your finger off.. but this can take multiple attempts to get the right number.,2025-04-27 00:47:58+00:00,please fix sleep iphone app update real pain change temperatures hitting increase button jumps increment steps one holding taking finger take multiple attempts get right number
watching she said yes so oliver can buy a new iphone,2025-04-27 00:47:40+00:00,watching said yes oliver buy new iphone
@Marc63847139 Are you android or iPhone? I wonder if that makes any difference?,2025-04-27 00:47:39+00:00,android iphone wonder makes difference
@pushforgorilla @ChoochSkookum iPhone 4 didn't come out in 1975 tho,2025-04-27 00:47:25+00:00,iphone didnt come tho
"Accept my invite &amp; Win Free iPhone 16 Pro Max! üëá
https://t.co/RyF0XsgFLm",2025-04-27 00:47:19+00:00,accept invite amp win free iphone pro max
@GeologyTime Lol yall so desperately trying to see where I live‚Ä¶ the ip address comes directly from my iphone‚Ä¶.,2025-04-27 00:47:18+00:00,lol yall desperately trying see live ip address comes directly iphone
"Dave Chapelle loves to say that an iPhone made in USA would cost $10,000.00!  Is that real?  I don't think so... https://t.co/Rh1CrwBdbo https://t.co/QyMo9DcjAz",2025-04-27 00:47:16+00:00,dave chapelle loves say iphone made usa would cost real dont think
@bmjnstar i already heard them saying that it is an app for third world countries because it can be downloaded on any cell phone (on the iPhone they  just use the messaging app) WILD,2025-04-27 00:46:25+00:00,already heard saying app third world countries downloaded cell phone iphone use messaging app wild
"@MrHenryFH @jk_rowling Moving your thumbs on a iphone is todays ""going out of your way"".",2025-04-27 00:45:58+00:00,moving thumbs iphone todays going way
I just found out you could edit your text message iPhone üò≠üíÄ ain‚Äôt no way I‚Äôm that stupid lmao,2025-04-27 00:45:25+00:00,found could edit text message iphone aint way im stupid lmao
"@MAGAResource You idiot in 2024 Apple produced 14% of its iPhone‚Äôs in India, they started the plan to move production out of China when Obama was president &amp; don‚Äôt Obama sheep take credit. Tim Apple did this because Chinese are patent thieves, Huawei has never had an original idea of their own",2025-04-27 00:45:16+00:00,idiot apple produced iphones india started plan move production china obama president amp dont obama sheep take credit tim apple chinese patent thieves huawei never original idea
Changed my iPhone Lock and Home Screen after almost a year https://t.co/D3F7y5pjYh,2025-04-27 00:45:01+00:00,changed iphone lock home screen almost year
@Cityzinho__ iPhone 15,2025-04-27 00:44:58+00:00,iphone
"@LICBC2000 It‚Äôs just with the timelapse setting on my iPhone. Just put the phone on a tripod, set it to timelapse and walk away for a bit. The phone does the rest. ü§ì it‚Äôs cool to see the clouds boil up like that in the spring out here.",2025-04-27 00:44:50+00:00,timelapse setting iphone put phone tripod set timelapse walk away bit phone rest cool see clouds boil like spring
"Michael @saylor vision for Bitcoin‚Äôs future:
‚Ä¢ Banks will offer loans backed by your #BTC 
‚Ä¢ The U.S. government will add #Bitcoin to its reserves
‚Ä¢ Major tech giants will integrate Bitcoin
‚Ä¢ Bitcoin will be natively available on your iPhone https://t.co/3SeqFIHXPH",2025-04-27 00:44:48+00:00,michael vision bitcoins future banks offer loans backed us government add reserves major tech giants integrate bitcoin bitcoin natively available iphone
@garciaksr @MAGAResource They'd say the iPhone stinks now,2025-04-27 00:44:26+00:00,theyd say iphone stinks
"iPhone weather app has added ‚Äúthe diff‚Äù
@WorldWideWob https://t.co/VQ6CbW3oNz",2025-04-27 00:44:22+00:00,iphone weather app added diff
@financegeeek need an iphone 12 by tomorrow on GOD,2025-04-27 00:44:11+00:00,need iphone tomorrow god
@kittncore Just liked this post with my iphone 16 in my Bugatti parked at my mansion on my island,2025-04-27 00:44:06+00:00,liked post iphone bugatti parked mansion island
"Welp, I always thought Amazon renewed for iPhone was a good deal. Only problem is, they may not send you the model you ordered üôÉ https://t.co/C0FDUq0Koc",2025-04-27 00:42:55+00:00,welp always thought amazon renewed iphone good deal problem may send model ordered
"I‚Äôve walked into a few RadioShacks and sold stereo equipment I didn‚Äôt own to people I didn‚Äôt know by plugging a Walkman, iPod or iPhone into a boombox and blasting this song #frontsideflip",2025-04-27 00:41:59+00:00,ive walked radioshacks sold stereo equipment didnt people didnt know plugging walkman ipod iphone boombox blasting song
@SawyerMerritt Remains me of Steve Balmer comment on iPhone ü§´,2025-04-27 00:40:29+00:00,remains steve balmer comment iphone
@souliezi my old ass iphone 7 i think LMAOO üò≠üò≠üò≠,2025-04-27 00:39:53+00:00,old ass iphone think lmaoo
"$3.49 for 6 Pack iPhone Charger Lightning Cables 
Use  code: 502PMN24 
https://t.co/uXqqLBetqU  
#ad",2025-04-27 00:39:51+00:00,pack iphone charger lightning cables use code pmn
@ShishirShelke1 iPhone X 5.8,2025-04-27 00:39:50+00:00,iphone x
@STCNewsfeed @lazlototh67 @Rainmaker1973 Bought and paid for by US iphone sales üòÇ,2025-04-27 00:39:38+00:00,bought paid us iphone sales
"when you wake up, do you really know the date? or do you check your iPhone.

How do you know you woke up in the same universe?",2025-04-27 00:39:31+00:00,wake really know date check iphone know woke universe
"Because i use an iPhone 11 ü§£ü§£and u?
Keep your envidia up üòé",2025-04-27 00:39:05+00:00,use iphone u keep envidia
"@crit_architect @LukeMiani The iPhone actually came out, though.",2025-04-27 00:38:50+00:00,iphone actually came though
retweet on twitter dot com please my iphone https://t.co/2Dg3oloYri,2025-04-27 00:38:47+00:00,retweet twitter dot com please iphone
"@deliclit Exactly, Lana would've filmed it with an iPhone 4, a daddy and a shirt that REALLY comes from Shein",2025-04-27 00:38:43+00:00,exactly lana wouldve filmed iphone daddy shirt really comes shein
@acervobtsr This is galaxy no iphone,2025-04-27 00:38:42+00:00,galaxy iphone
Check out (2 ) CHEVY  RACING Decals Stickers Chevrolet  Car Truck iPhone FREE SHIPPING https://t.co/iwGoSbQTaU #eBay via @eBay,2025-04-27 00:38:35+00:00,check chevy racing decals stickers chevrolet car truck iphone free shipping via
"@blackalpac63833 @bsheth17 @rwang07 Point was, they didn't move it here, don't care about Trump's bs. I don't own an Iphone. Just interesting.",2025-04-27 00:37:58+00:00,point didnt move dont care trumps bs dont iphone interesting
"New In Stock! Discover the exceptional Google Pixel &amp; Samsung Tough Cases Hey Puddin Google Pixel Series Samsung Galaxy Series Funny phone cases, Humorous Cases, iphone, android, now at an unmatched price of $26.64
https://t.co/7kpojacZqL
#AndroidCases #PixelCases https://t.co/LUsM3ovEli",2025-04-27 00:37:26+00:00,new stock discover exceptional google pixel amp samsung tough cases hey puddin google pixel series samsung galaxy series funny phone cases humorous cases iphone android unmatched price
@beekeeper1416 @Ar15Mvp @BronGotIt i‚Äôd say ur 14 and you just got an iphone like a year ago and that would stand considering you created twitter july last year because that‚Äôs a hilariously laughable take that‚Äôs not even worth arguing,2025-04-27 00:37:07+00:00,id say ur got iphone like year ago would stand considering created twitter july last year thats hilariously laughable take thats even worth arguing
@sycho7_ @rick00357876097 Yea which was my point about iphone https://t.co/HNbjAPf5Zd,2025-04-27 00:36:58+00:00,yea point iphone
@imnottherebleh Sent from my iPhone https://t.co/UaEBCVio63,2025-04-27 00:36:58+00:00,sent iphone
@CNBC India can make those iPhone components in 2 years,2025-04-27 00:36:31+00:00,india make iphone components years
"Apple starts iPhone assembly in India for the US market! This will reduce dependence on China and boost India's manufacturing sector. Exciting times ahead!
#AppleIndia #MakeInIndia #iPhone #TechNews #Manufacturing #GrowthStory #StartupIndia #Trending",2025-04-27 00:36:14+00:00,apple starts iphone assembly india us market reduce dependence china boost indias manufacturing sector exciting times ahead
@jaehyia put your number on my iphone 16 pro max,2025-04-27 00:36:14+00:00,put number iphone pro max
@acnewsitics Stop buying from China. Stop supplying the communists with money. The actual cost to build an IPhone is around w0 bucks and you pay 1000+ for it. I guess the sweat shops need money over there. There are alternatives made right here in the good ole USA. https://t.co/5jlONd0bEM,2025-04-27 00:35:53+00:00,stop buying china stop supplying communists money actual cost build iphone around w bucks pay guess sweat shops need money alternatives made right good ole usa
"wts lfb iphone ph 

 iPhone 11
‚Äî 7k
‚Äî 100% BH
‚Äî 128 gb
‚Äî factory unlocked
‚Äî truetone &amp; face ID are working
‚Äî charger
‚Äî No issues

wts iphone 11 wtb iphone ph ip 11 wts iPhone 11 ph https://t.co/7x4GFMHLHa",2025-04-27 00:35:48+00:00,wts lfb iphone ph iphone k bh gb factory unlocked truetone amp face id working charger issues wts iphone wtb iphone ph ip wts iphone ph
"@THATBOYMMAGURU Nightstand. 2018. Valentine's Day.
Michael whispered, 'I want to see every inch of you' to his wife.
Next thing I know, pop! I'm yeeted into a drawer next to some old AA batteries and a broken iPhone charger.
Meanwhile, I could hear the action.
Five rounds. No decision.",2025-04-27 00:35:36+00:00,nightstand valentines day michael whispered want see every inch wife next thing know pop im yeeted drawer next old aa batteries broken iphone charger meanwhile could hear action five rounds decision
@WatcherGuru Welp I‚Äôm not buying Made in India iPhone.,2025-04-27 00:35:32+00:00,welp im buying made india iphone
Check out (2) FORD RACING DECAL Focus Mustang  Escort Car Truck iPhone FREE SHIPPING https://t.co/v0rWV2fqCJ #eBay via @eBay,2025-04-27 00:35:29+00:00,check ford racing decal focus mustang escort car truck iphone free shipping via
@levie @BillAckman Add to this the time and costs it takes for relocating whole supply chains for e.g. iPhone manufacturing  from China to India will be unbearable in the long run taking also into account the fact that China posses almost all rare earth markets and  supply chains for refining üòé,2025-04-27 00:34:38+00:00,add time costs takes relocating whole supply chains eg iphone manufacturing china india unbearable long run taking also account fact china posses almost rare earth markets supply chains refining
"Branding is not even well understood in Africa because why will you be brand ambassador for intel and you are using iPhone
That‚Äôs enough to lose that brand deal
You cannot be brand ambassador for Pepsi and get caught drinking Coke https://t.co/GyceGmNY58",2025-04-27 00:34:19+00:00,branding even well understood africa brand ambassador intel using iphone thats enough lose brand deal cannot brand ambassador pepsi get caught drinking coke
Exciting developments for Apple's first foldable! The iPhone Fold may include Face ID on the inside screen and possibly Touch ID on the power button. Stay tuned!  https://t.co/Is2PwW5Umh https://t.co/G7Uj1Z1SLB,2025-04-27 00:34:17+00:00,exciting developments apples first foldable iphone fold may include face id inside screen possibly touch id power button stay tuned
@bossolamilekan1 Sir @bossolamilekan1 I have always dreamt to use an iPhone so I can tweet better as a real Barca fan how I wish you can make this happen for me today to celebrate this our win sir ü§≤ü§≤üôèüôèüôè@bossolamilekan1,2025-04-27 00:33:41+00:00,sir always dreamt use iphone tweet better real barca fan wish make happen today celebrate win sir
I just received a contribution towards iPhone 16 128GB Pink from Anonymous via Throne. do it againüíó https://t.co/4R0d0SLrHx,2025-04-27 00:33:24+00:00,received contribution towards iphone gb pink anonymous via throne
"üî• HOT RIGHT NOW üî•
Military Smart Watches for Men, 2.01'' HD Display with Bluetooth Calls 100+ Sport Modes, IP68 Waterproof for Swimming Fitness Smart Watch for Android and iPhone Smartwatch, Black

Regular: $79.99
Hot Deal: $19.99 
Total Savings: $60.00 (75% OFF)!

‚ö°Ô∏è This deal https://t.co/K6VL25PTYC",2025-04-27 00:33:00+00:00,hot right military smart watches men hd display bluetooth calls sport modes ip waterproof swimming fitness smart watch android iphone smartwatch black regular hot deal total savings deal
Just treated myself to the latest version of my iPhone before $AAPL jacks up the prices. https://t.co/mbsgpYxWMN,2025-04-27 00:32:50+00:00,treated latest version iphone aapl jacks prices
@DailyNoud Devastating: Ken's joy turned to sorrow as his cherished Candy Crush data vanished with a new iPhone. Heartache in every swipe.,2025-04-27 00:32:44+00:00,devastating kens joy turned sorrow cherished candy crush data vanished new iphone heartache every swipe
"üöÄ JUST RELEASED + EXTRA COUPON! üöÄ
Wireless CarPlay Adapter for Apple, Converts Factory Wired to Wireless CarPlay Stable Fast Connection for Cars from 2017 &amp; for iPhone iOS 10+ Plug &amp; Play Adapter Support Phone Call Siri Control Music
 
Price: $29.49 (Regular: $58.99)
USE CODE: https://t.co/OlCL9tteAq",2025-04-27 00:32:00+00:00,released extra coupon wireless carplay adapter apple converts factory wired wireless carplay stable fast connection cars amp iphone ios plug amp play adapter support phone call siri control music price regular use code
@jennymesmo um iPhone 16,2025-04-27 00:31:47+00:00,um iphone
"@BensonGeek Make 4k Mobile Iphone Wallpaper 
Godzilla x Kong: The New Empire https://t.co/M7SUBU3vBU",2025-04-27 00:31:28+00:00,make k mobile iphone wallpaper godzilla x kong new empire
"Don‚Äôt know if this is new to the iPad A16, but the time is now displayed when the battery is dead. 

From what I‚Äôve seen, this was previously reserved for iPhone 15 and newer on iOS 18.

When did they add this to the iPad? https://t.co/4dExd4WfVz",2025-04-27 00:30:54+00:00,dont know new ipad time displayed battery dead ive seen previously reserved iphone newer ios add ipad
@BreitbartNews I agree with Tim Cook decision since Chinese people no longer  buying iPhone. It is smart find an under developed country to sell his iPhones.,2025-04-27 00:30:52+00:00,agree tim cook decision since chinese people longer buying iphone smart find developed country sell iphones
"A little personal iPhone BTS from Thunderbolts*. 

- by @jakeschreier, Thunderbolts* director üé• https://t.co/yswxtu50Eh",2025-04-27 00:30:52+00:00,little personal iphone bts thunderbolts thunderbolts director
"@PeterSchiff While your point on tariffs raising costs for Americans is well-taken, the reality seems more nuanced. Apple‚Äôs shift to India for iPhone assembly (Al Jazeera, April 2025) shows some companies are adapting, though not to the U.S., as you noted. 

However, a CNBC survey (April",2025-04-27 00:30:39+00:00,point tariffs raising costs americans welltaken reality seems nuanced apples shift india iphone assembly al jazeera april shows companies adapting though us noted however cnbc survey april
@marc__adler @ChoochSkookum the difference between iphone 4 and iphone 16 somewhat marginal,2025-04-27 00:30:28+00:00,difference iphone iphone somewhat marginal
@defense_civil25 Curry-flavoured iPhone. The quality control made in India is very rubbish. I don‚Äôt want to use it.,2025-04-27 00:30:16+00:00,curryflavoured iphone quality control made india rubbish dont want use
"iphone 13 is the best iphone of all time, apple peaked at that one",2025-04-27 00:30:09+00:00,iphone best iphone time apple peaked one
"@PeterSchiff they dont need to move their factories here, they just need to move them out of china. like apple shifting their iphone production to india. this reduces china's chances of overtaking the us",2025-04-27 00:30:09+00:00,dont need move factories need move china like apple shifting iphone production india reduces chinas chances overtaking us
"Personalized Coquette Collage Phone Case, Coquette Collage Custom Floral Phone Case for iPhone 15 14 13 12, Samsung Galaxy s24 s23 Ultra
https://t.co/65PhP9NYTJ",2025-04-27 00:30:06+00:00,personalized coquette collage phone case coquette collage custom floral phone case iphone samsung galaxy ultra
Desert island you have only 5 bands to choose from on your iPhone? https://t.co/pneV1NnEkX,2025-04-27 00:30:02+00:00,desert island bands choose iphone
@BasedBlondex They ruined society. The downfall of America started when the iPhone came out.,2025-04-27 00:29:43+00:00,ruined society downfall america started iphone came
@_DSensei8 @DailyNoud Cause Ken Carson bought a new iPhone but lost all his saved data in Candy Crush üóø,2025-04-27 00:29:16+00:00,cause ken carson bought new iphone lost saved data candy crush
"@OrdinaryInds Jack why am I able to unlock my brothers iPhone with FaceID, is that rare? We aren‚Äôt twins",2025-04-27 00:28:58+00:00,jack able unlock brothers iphone faceid rare arent twins
put your phone number in my iphone 16 pro max üòõ https://t.co/kXDiw1OPFV,2025-04-27 00:28:16+00:00,put phone number iphone pro max
"@TechAficionado7 @SawyerMerritt It‚Äôs crazy we are witnessing Tesla having their iPhone moment and the same people sit on the sidelines.  

Naysayers will be naysayers!",2025-04-27 00:28:06+00:00,crazy witnessing tesla iphone moment people sit sidelines naysayers naysayers
"New Galaxy S5 Ultra or new iPhone 

I‚Äôm leaning Galaxy",2025-04-27 00:27:32+00:00,new galaxy ultra new iphone im leaning galaxy
"been using Tidal in d Apple ecosystem . It runs  smoothly on both IPhone n IWatch . I  downloaded many playlists on my iWatch n listen to them with  no problem 

But ,when using d iWatch 2 play directly from d iPhone , d receptiveness is a bit slow. audio quality is great tho",2025-04-27 00:27:23+00:00,using tidal apple ecosystem runs smoothly iphone n iwatch downloaded many playlists iwatch n listen problem using iwatch play directly iphone receptiveness bit slow audio quality great tho
does anyone wanna help me with something on adobe express‚Ä¶ trying to get the letters for our caf√© logo to curve but i can‚Äôt do it on the iphone app &amp; my mac is too old to download the app on there üòÉ,2025-04-27 00:26:48+00:00,anyone wanna help something adobe express trying get letters caf logo curve cant iphone app amp mac old download app
"This camera kit tool is just fantastic. It is great for the iPhone. 15 pro üì≤ I have seen what this camera kit tool can do. It‚Äôs like shooting with a real DSLR. It‚Äôs just incredible. If I purchased this, it‚Äôs a whole New World for me. Photography. ‚ò∫Ô∏è",2025-04-27 00:26:23+00:00,camera kit tool fantastic great iphone pro seen camera kit tool like shooting real dslr incredible purchased whole new world photography
"Train passes through Train Street, Hanoi. Shot using my iPhone 12 Pro resting against my foot. https://t.co/EsBIZFHMpY",2025-04-27 00:26:09+00:00,train passes train street hanoi shot using iphone pro resting foot
"üîóüíª To unlock your iPhone, iCloud, and AT&amp;T, send me a message.

#unlock #icloud #bypass #Powell #Bitcoin #devices #Trump #sbhawks #100daysofcoding #‡πÄ‡∏û‡∏•‡∏á‡∏à‡∏ô‡∏ô‡∏¥‡∏£‡∏±‡∏ô‡∏î‡∏£‡πå #ÿØŸàÿ±Ÿä_ÿ£ÿ®ÿ∑ÿßŸÑ_ÿ£Ÿàÿ±Ÿàÿ®ÿß #100DaysOfHacking #scammed #Autism #faiz #‡∏°‡∏≤‡∏¢‡∏î‡πå #helevier #MayaTVLivexBBFanFest https://t.co/dOXlG2MYtr",2025-04-27 00:25:45+00:00,unlock iphone icloud atampt send message
