Brand,Tweet,Date
iPhone,The world's simplest Bitcoin Lightning https://t.co/uhsVw45QB6 the app now on iPhone or Android.,2025-04-27 06:00:48+00:00
iPhone,"Good Morning from One-Ticket.
Should you encounter any difficulties with your journey, please share this with us.  Safe travelling.  Enjoy your day.
#oneeasywaytotravel #pickabusanybus

Download our APP
iPhone - https://t.co/6urlV2hWUA
Android - https://t.co/YiH19Q6Ieb https://t.co/M5qee6Nmra",2025-04-27 06:00:38+00:00
iPhone,@mintgreenoshi iPhoneÔºÅ,2025-04-27 06:00:37+00:00
iPhone,"@BesuraTaansane @AshwiniVaishnaw Yes bhai, hopefully Indians should get the iPhone at lesser cost which they must !",2025-04-27 06:00:27+00:00
iPhone,"#hourdle5645
The ANSWER was: PARER
avg tries: 4.62
8 out of 15 got it right
The first person who solved it is PATTI, iPhone user from San Diego, US who solved it 1 minute after its release! (on the third try)
Nice job everyone!
#hourdle",2025-04-27 06:00:02+00:00
iPhone,Why flaunting gold iphone to the players? They weren't even involved cheapster! The franchise acc posted that tweet so it should've stayed between them https://t.co/PUGlg7xPzg,2025-04-27 05:59:57+00:00
iPhone,"@chrischatzi41 Really, can't wait for iPhone 17 Pro Max????",2025-04-27 05:59:56+00:00
iPhone,"wts lfb

iphone 11 - 128 gb
complete with original box
no issue
true tone and face id working
77 bh
meet up sm manila https://t.co/efOgrDq6eo",2025-04-27 05:59:38+00:00
iPhone,"@a12cat34dog @rumblevideo Ah Apple the same company that sabotaged my old iPhone with a firmware update to shorten its battery life by about 50% and admitted it was part of ""planned obsolescence"" but they offered to replace the battery for half off.

Not saying Rumble isn't the cause, but I don't trust",2025-04-27 05:59:23+00:00
iPhone,@AshwiniVaishnaw Make sure iPhone costs are reduced.,2025-04-27 05:59:10+00:00
iPhone,"@lilithxberry If you've stuck your iPhone on the wall, bring it lower. It'll put you in better proportion the stick out your front so it look a bit bigger.",2025-04-27 05:58:49+00:00
iPhone,"Got his car towed to a random street and when he blew me up trying find it I sent a screenshot of a iPhone location and said no find it lmaoooo . Oh and stole his keys, pink slip and social all at the same time https://t.co/l47YG5PWOY",2025-04-27 05:58:04+00:00
iPhone,"@AnxiousHolly These days, all phones are overkill for me, so I tend to switch my Android to taste all flavours, and I switch my primary phone, an iPhone‚Äîmaybe the iPhone Air this year.",2025-04-27 05:57:44+00:00
iPhone,"@JackHayesSH ""This business doesn‚Äôt need anything more than an iPhone and a laptop these days"" - That's only the brokers who drop off once the LOI is executed.",2025-04-27 05:57:09+00:00
iPhone,I think one of the reasons I liked the substance was purely that it wasn‚Äôt lit with a single iPhone flashlight like most movies appear to be these days,2025-04-27 05:57:04+00:00
iPhone,@Gab_0_3 Stuck in penn station till 3am... iphone on 24%...,2025-04-27 05:56:52+00:00
iPhone,"Tough Cases, Gothic Black Cat Floral Phone Covers for Samsung Galaxy iPhone - Gift for cat lovers, Cute whimsy art https://t.co/ILIBjOWPYj #16ProMax #iPhonecases #iPhone16 #Phonecases https://t.co/Ckv2g4iw08",2025-04-27 05:56:51+00:00
iPhone,@LeakerApple Still better than iPhone 17 and 17 Pro lmfao,2025-04-27 05:55:29+00:00
iPhone,"Yesterday my girlfriend‚Äôs iPhone got stolen from her pocket at night. 

When we went to block the device on iCloud, this asked us to verify the account using that same stolen phone number. 

@apple When too much security becomes a security risk. I am sure we are not the only ones https://t.co/E1y8sfLVO6",2025-04-27 05:55:13+00:00
iPhone,@zulaihat_snd Is that an iPhone 16,2025-04-27 05:55:04+00:00
Samsung,"Using samsung since  5 years. 
Its working fine with out any issues. https://t.co/030DBpNnS7",2025-04-27 06:15:44+00:00
Samsung,"Anyone know where I can get this case for a Samsung s22 please? Preferably somewhere that ships to the UK. Thanks in advance 

#PhoneCase https://t.co/BZBlyLGKK6",2025-04-27 06:15:26+00:00
Samsung,@AnshuTechblog I don't know why other companies didn't do like samsung did introduced Good lock application ü§§,2025-04-27 06:15:20+00:00
Samsung,"üå∏TICKET ASSISTANCE üå∏

ELIJAH WOODS is bringing Give Me The Sunlight Tour to the Philippines!

üáµüá≠ MANILA on July 25, 2025, 8PM, at the Samsung Hall, SM Aura Premier.
üáµüá≠ CEBU on July 26, 2025, 7PM, at the IC3 Convention Center, Cebu City.

Form: https://t.co/t1GpQpVxgp https://t.co/G5FuRz7heW https://t.co/dsjgfNhBeE",2025-04-27 06:14:49+00:00
Samsung,@DexterHonore Bought a Samsung range 2 months ago.  Works fine so far but worst design ever.  You are constantly turning things off accidentally when cooking or turning them on when you are just trying to clean it.  Glass control panel on top in front of the burners. Stupid,2025-04-27 06:14:20+00:00
Samsung,"https://t.co/WlZXHr9wqm
my @enilevü™îmom
ThX üåê#BOSCh #ecb #Pfizer #Chevron
Mr @BetaMoroney sir

#bigdata #Linkedin #News 
#ML #Marketing #5g 
#uk #usa #eUrope #health 
#france #CRYPTO #frenchTECh #healthTech #web3 @X #LLMs  #NVIDIA #VivaTech25 #Grok3 
#digitalhealth #SOciaLmeDia",2025-04-27 06:13:47+00:00
Samsung,Even South Korea is not behaving with us. Updating our phones to be as. Inefficient as possible to search for apps intentionally. DO NOT UPGRADE TO THE NEW VERSION OF SAMSUNG!!!!!,2025-04-27 06:13:13+00:00
Samsung,"PREMIUM ACCOUNT PH FOR SALE 

HBO MAX
VIVAONE
AMAZON PRIME VIDEO
NETFLIX
CAPCUT
M365
SCRIBD
CHATGPT
YOUTUBE
GRAMMARLY
CANVA
DISNEY PLUS
SPOTIFY
SCRIBD
VIU 
NBA LEAGUE

t. wts wtb lfs lfb lf ph prem ph buyer client kpop babymonster aespa pbb blackpink iphone samsung https://t.co/9xX7DZiJwV",2025-04-27 06:13:06+00:00
Samsung,Samsung SSD CREATOR'S NOTE J-WAVE 2025/5/3(Âúü) 21:00-22:00 https://t.co/Ms4cWVv0oH #radiko #„Ç∑„Çß„Ç¢„É©„Ç∏„Ç≥,2025-04-27 06:12:53+00:00
Samsung,Exciting buzz: Samsung's rumored budget-friendly Galaxy Z Flip might debut as Galaxy Z Flip Xe! Affordable innovation meets sleek flip designstay tuned!    https://t.co/EevsOaWKYX https://t.co/JM25h9kIk4,2025-04-27 06:12:36+00:00
Samsung,"@Kingkuti_ She get her own clothing line, several brands ambassador , her movie dey YouTube oo, she act too, , runs adverts like itel, Samsung , stake betting ..... She work hard bro. @Kingkuti_  the way you people think ü§î",2025-04-27 06:12:28+00:00
Samsung,All americans DO NOT if you have a SAMSUNG DO NOT UPGRADE TO THE NEW VERSION OF SAMSUNG!!!!! of samsung UI 14.,2025-04-27 06:12:10+00:00
Samsung,"@DexterHonore Samsung suks, bad quality and you can‚Äôt get parts..

you can‚Äôt beat this range..

https://t.co/muRGTwXLkO",2025-04-27 06:12:00+00:00
Samsung,"@DealsDhamaka Samsung, Panasonic and Blue Star‚Ä¶ no problem whatsoever!! What i would avoid - the other suggestions üôÇ",2025-04-27 06:11:40+00:00
Samsung,"in the middle or by the end of the year i‚Äôm gonna switch from my old iphone to a samsung bc i heard that my phone would stop getting updates until ios 19 comes out, so‚Ä¶ maybe i should start saving more money.",2025-04-27 06:11:30+00:00
Samsung,"I love how all these Chinese companies shamelessly copy Samsung and the iPhone. 

It doesn't hurt to be original guys. https://t.co/WSeQkPeNXU",2025-04-27 06:11:06+00:00
Samsung,"My dad watches this car show on our Samsung tv and the commercials say ""on a pit stop"" and its so silly i love that",2025-04-27 06:11:03+00:00
Samsung,@PoojaMedia Samsung is the best,2025-04-27 06:10:26+00:00
Samsung,"@acnewsitics I'll just leave this here

https://t.co/Tq7On3QeKm",2025-04-27 06:10:24+00:00
Samsung,"@YourbroRishabh I literally have no money. Deadass. I bought the S24 initially from making art commission (which I'm not getting atm at ALL üò≠)

And I could only afford the Vivo by selling the Samsung. Same case here. I'll only be able to switch if I sell my current phone.",2025-04-27 06:10:16+00:00
Xiaomi,@LuayPrince You like the Xiaomi over Oppo here?,2025-04-27 06:30:22+00:00
Xiaomi,"Huawei Mate 70 Pro Plus vs Oppo Find X8 Ultra vs Xiaomi 15 Ultra vs Samsung S25 Ultra,which image processing and colors do you like better?üì∏ Every brand has their own unique colors and processing https://t.co/CB5S2Jy2HG",2025-04-27 06:28:48+00:00
Xiaomi,"Xiaomi 15 ultra, vivo x200pro and iphone 16 pro Max (with photographic style) which one of them looks best. Plz share your opinion @BenGeskin @encoword @sondesix @OutOfGalaxyy @UniverseIce https://t.co/IBmckLdkWA",2025-04-27 06:27:14+00:00
Xiaomi,"Xiaomi SD Memory Card 2TB 1TB Class 10 High Speed Micro TF Card 1TB 512GB For Nintendo Switch PC Smart phone SD Card 128GB...
USD USD 0.82 (1% off, USD USD 0.83)

https://t.co/SU8msjAMco
#Xiaomi #Xiaomi #Audio #AliExpress",2025-04-27 06:26:05+00:00
Xiaomi,"#Aliexpress
I just found this on AliExpress: 
MYR8.31 | Desk Mobile Phone Holder Stand For IPhone IPad Xiaomi Adjustable Desktop Tablet Holder Universal Table Cell Phone Stand
https://t.co/gIRR9Q51Ed",2025-04-27 06:25:23+00:00
Xiaomi,"@Entroprox @iamiceparticle @amritkumars001 @Gajen26 @SamsungIndia @yash_developer @Cartidise @MicrosoftvApple Sir if heating is the prominent reason then Xiaomi and poco would have been majorly affected, but meanwhile it's opposite isn't it?
Heat may play role but it's because of hardware fault, same was found in motherboard dead issues",2025-04-27 06:24:43+00:00
Xiaomi,"@ISAQUES81 Maybe someone change settings during photo, but unfortunately no, Xiaomi 15 Ultra is not going good.",2025-04-27 06:24:24+00:00
Xiaomi,@sses26_ @Xiaomi_PH @SB19Official pretty berryüòç,2025-04-27 06:21:05+00:00
Xiaomi,"@CoolmanAFC @PoojaMedia Lol, Samsung, Google Pixel, Huawei, and Xiaomi which are androids are more expensive than iPhones",2025-04-27 06:19:40+00:00
Xiaomi,@AkashEbenizer @sunnny1583 Lmao xiaomi ü§£ü§£üò≠üò≠ü§£,2025-04-27 06:19:03+00:00
Xiaomi,"@aprilfrandss @Xiaomi_PH @SB19Official Ang pretty nio poüòç
Good luck at stay safe po ms avrilü´∂ü•∞",2025-04-27 06:17:50+00:00
Xiaomi,"Trying to get that night ""feel"" with my Xiaomi 14 Ultra Leica Authentic auto night mode off different EV levels. 

How did I do? ü§î

#streetphotography #xiaomi14series  #shotonsnapdragon #Xiaomi14Ultra #xiaomi @Xiaomi @XiaomiIndia https://t.co/LBpD7Q0pvc",2025-04-27 06:15:51+00:00
Xiaomi,"I love shots from bridges and walkways for depth using the railing üòç. This has become one of my favorites for street.

Little something for my bro @Devinarde üíï

Xiaomi 14 Ultra 120mm üî•

#streetphotography #xiaomi14series  #shotonsnapdragon #Xiaomi14Ultra #xiaomi @Xiaomi https://t.co/ZaPS1Hmi5N",2025-04-27 06:09:41+00:00
Xiaomi,"Daily Surprise Offers-Discover new prices every day on https://t.co/seiM14NkHV
 https://t.co/4BTo5XXEzJ",2025-04-27 06:08:34+00:00
Xiaomi,@Xiaomi Special video praising HYPEROS https://t.co/pDielF3z2a,2025-04-27 06:04:52+00:00
Xiaomi,thank you ninang @Xiaomi_PH https://t.co/rfx29P1366,2025-04-27 06:04:09+00:00
Xiaomi,"Xiaomi 14 Ultra Bangkok night and day snaps üòç‚ô•Ô∏è.

Awesome city, tonnes of life and interesting things to see.

Still deciding on Oppo Find x8 Ultra and Vivo x200 Ultra ü§î

Do I get one or both?! ü§∑üèª‚Äç‚ôÇÔ∏è

#streetphotography #xiaomi14series  #shotonsnapdragon #Xiaomi14Ultra #xiaomi https://t.co/HZ3c6FDilT",2025-04-27 06:03:42+00:00
Xiaomi,@tomcide @thegadgetshub Xiaomi isnt god either,2025-04-27 05:58:41+00:00
Xiaomi,"@thegadgetshub big BIG BIG downgrade.

non heater to heater mess
great battery life to Pixel ahh battery life
good software to waste quarterly update software
sexy design to stove ahhh
sidegrade in camera performance
SuperVOOC&gt;&gt;&gt;&gt;Xiaomi Heater Charge Tech",2025-04-27 05:58:23+00:00
Xiaomi,"Mapa playing in EKüòç

SB19 AT XIAOMI ALL-STAR SUMMER CONCERT
@Xiaomi_PH
@SB19Official #SB19",2025-04-27 05:58:02+00:00
