Tweet,Date
"üí∏ MASSIVE SAVINGS + COUPON:
for Magsafe Battery Pack: [Qi2 Certified] Wireless 10000mAh PD 30/35W Portable Charger for iPhone 16/15/14/13/12 Pro/Max Magnetic Power Bank with Biult-in USB-C Fast Charging Cable B

Regular Price: $39.99 
Deal Price: $13.99
Extra Savings with Code: https://t.co/IV5HIQsyIs",2025-04-27 00:53:00+00:00
"@CNBC China will likely retain manufacturing dominance for non-US iPhone markets due to its 80% production capacity &amp; established infrastructure. India‚Äôs growing role, now at 20% of global output, focuses on US &amp; local markets. The shift signals true decoupling

https://t.co/A9gFYZ4Ydo",2025-04-27 00:52:59+00:00
Why there is no @goodreads app widget on iphone? Something like that https://t.co/2AfbQivsz8,2025-04-27 00:52:58+00:00
@YinZP365 so are you saying india will benefit with apple moving some iphone assembly? and how does the US benefit? dollar milkshake?,2025-04-27 00:52:02+00:00
"Recorded TV broadcast slomo with a 
 iphone on slomo mode. U could probably slomo the slomo on another iphone and get ur answer https://t.co/bKrvZdWOiV",2025-04-27 00:51:28+00:00
"@JoshuaMPatton Hey, your welcome to think what you want. I am glad you enjoy it. I am not gonna say you can't

This to me as far away from art you can get. It's just cold hard corporate products. In my mind we may as well be talking about how an iphone is art. That's just how it is.",2025-04-27 00:51:28+00:00
"@ratedeforegirl ""Spent all the money on an iPhone, no budget left for a pen""",2025-04-27 00:51:16+00:00
Apple Warns iPhone Users To Delete This App Immediately | 96.3 WJIZ https://t.co/1cKU6Xd8KO https://t.co/vTog0UCtWF,2025-04-27 00:51:01+00:00
@honeymaebae You don't have an iPhone! :: snicker :: üò¨,2025-04-27 00:51:00+00:00
"@KuroNoKarxsu my GPU for my pc is Intel(R) HD Graphics 4000 (32 MB)

CPU is  Intel(R) Core(TM) i7-3770 CPU @ 3.40GHz  

which, in laymans terms, is  A POTATO and cannot run pgr at all. or high tier games (mainly)

I did recently get a iphone that could..probably run it decently.",2025-04-27 00:50:45+00:00
WIN an Apple iPhone 16 Pro Max + Cygnett wireless prize pack.¬†PLUS enter for a chance to win 1 of 12 weekly prizes! https://t.co/8IBwGf3u7c,2025-04-27 00:50:39+00:00
"üöÄ DeFi‚Äôs iPhone moment is here!

Degen Arena is LIVE at https://t.co/vJNdnMbh9l - Earn XP by trading, swapping, holding assets, and inviting friends. Your XP isn‚Äôt just for bragging rights: it‚Äôs your ticket to the upcoming $HOME token airdrop and exclusive rewards!

Why is",2025-04-27 00:50:36+00:00
@LeakerApple It looks cool. A thousand times better than those iPhone 17 renditions,2025-04-27 00:50:29+00:00
@Zlatan_Ibile @Zlatan_Ibile great win my boss I have always dreamt of using an iPhone for better communication and retweeting of Barca news and games how I wish this message will get to you sir and make this dream come true and celebrate this win together üèÜ. VISCA BARVA VISCA CATALONA üèÜüèÜ‚ù§Ô∏è,2025-04-27 00:50:25+00:00
"@RetroAgent12 iPhone from China to... India! Not the USA.
The Art of the Deal",2025-04-27 00:49:48+00:00
@jaehmrk it‚Äôs rlly good üò≠ omg the iphone 7-8 had thee best camera qualities idcccc,2025-04-27 00:48:55+00:00
YEYYY!!!! HELLOO IPHONE 16 PLUS HUHUHUHUHH I LOVE MYSELFFFF,2025-04-27 00:48:51+00:00
"@rincidium life is usually more complex, eg:
- Microsoft Word and Excel (native apps for Windows) are still way more popular than all web 2.0 document editing tools combined.
- Web apps were supposed to replace native apps, but they didn't due to iPhone native apps
- iPad was supposed to",2025-04-27 00:48:15+00:00
"@MAGAResource U Said winning?? Hahaha..u moron..u know what china will do when the productions move to India? They will block iPhone sales in china and replace with huawei..millions iPhone sales will drop, u said thats winning?? Stupid",2025-04-27 00:48:13+00:00
"Apple plans to produce all US-sold iPhones in India by 2026.
Amazing @GiveRep

#giverep #crypto #iphone
#amici24 #CopaDelRey #PerfectMatchXtra #Bitcoin #SB19 #JHOPE #ÿßŸÑŸáŸÑÿßŸÑ_ÿ∫ŸàÿßŸÜÿ∫ÿ¨Ÿà #TheNextPrince #DoekOnFleekMeetsAshley #Pakistan https://t.co/0Os7KTU3vY",2025-04-27 00:48:09+00:00
"@Mont_Jiang The MAGA goalpost got shifted from ""bring the jobs home"" to cleansing the iphone supply chain of communists/globalists (same thing) by moving final assembly to India. So much winning.",2025-04-27 00:47:59+00:00
@m_franceschetti Can you please fix the 8sleep iPhone app update. It‚Äôs a real pain to change temperatures by 1 now. Hitting the increase button jumps 2. You can increment in steps of one by holding it and then taking your finger off.. but this can take multiple attempts to get the right number.,2025-04-27 00:47:58+00:00
watching she said yes so oliver can buy a new iphone,2025-04-27 00:47:40+00:00
@Marc63847139 Are you android or iPhone? I wonder if that makes any difference?,2025-04-27 00:47:39+00:00
@pushforgorilla @ChoochSkookum iPhone 4 didn't come out in 1975 tho,2025-04-27 00:47:25+00:00
"Accept my invite &amp; Win Free iPhone 16 Pro Max! üëá
https://t.co/RyF0XsgFLm",2025-04-27 00:47:19+00:00
@GeologyTime Lol yall so desperately trying to see where I live‚Ä¶ the ip address comes directly from my iphone‚Ä¶.,2025-04-27 00:47:18+00:00
"Dave Chapelle loves to say that an iPhone made in USA would cost $10,000.00!  Is that real?  I don't think so... https://t.co/Rh1CrwBdbo https://t.co/QyMo9DcjAz",2025-04-27 00:47:16+00:00
@bmjnstar i already heard them saying that it is an app for third world countries because it can be downloaded on any cell phone (on the iPhone they  just use the messaging app) WILD,2025-04-27 00:46:25+00:00
"@MrHenryFH @jk_rowling Moving your thumbs on a iphone is todays ""going out of your way"".",2025-04-27 00:45:58+00:00
I just found out you could edit your text message iPhone üò≠üíÄ ain‚Äôt no way I‚Äôm that stupid lmao,2025-04-27 00:45:25+00:00
"@MAGAResource You idiot in 2024 Apple produced 14% of its iPhone‚Äôs in India, they started the plan to move production out of China when Obama was president &amp; don‚Äôt Obama sheep take credit. Tim Apple did this because Chinese are patent thieves, Huawei has never had an original idea of their own",2025-04-27 00:45:16+00:00
Changed my iPhone Lock and Home Screen after almost a year https://t.co/D3F7y5pjYh,2025-04-27 00:45:01+00:00
@Cityzinho__ iPhone 15,2025-04-27 00:44:58+00:00
"@LICBC2000 It‚Äôs just with the timelapse setting on my iPhone. Just put the phone on a tripod, set it to timelapse and walk away for a bit. The phone does the rest. ü§ì it‚Äôs cool to see the clouds boil up like that in the spring out here.",2025-04-27 00:44:50+00:00
"Michael @saylor vision for Bitcoin‚Äôs future:
‚Ä¢ Banks will offer loans backed by your #BTC 
‚Ä¢ The U.S. government will add #Bitcoin to its reserves
‚Ä¢ Major tech giants will integrate Bitcoin
‚Ä¢ Bitcoin will be natively available on your iPhone https://t.co/3SeqFIHXPH",2025-04-27 00:44:48+00:00
@garciaksr @MAGAResource They'd say the iPhone stinks now,2025-04-27 00:44:26+00:00
"iPhone weather app has added ‚Äúthe diff‚Äù
@WorldWideWob https://t.co/VQ6CbW3oNz",2025-04-27 00:44:22+00:00
@financegeeek need an iphone 12 by tomorrow on GOD,2025-04-27 00:44:11+00:00
@kittncore Just liked this post with my iphone 16 in my Bugatti parked at my mansion on my island,2025-04-27 00:44:06+00:00
"Welp, I always thought Amazon renewed for iPhone was a good deal. Only problem is, they may not send you the model you ordered üôÉ https://t.co/C0FDUq0Koc",2025-04-27 00:42:55+00:00
"I‚Äôve walked into a few RadioShacks and sold stereo equipment I didn‚Äôt own to people I didn‚Äôt know by plugging a Walkman, iPod or iPhone into a boombox and blasting this song #frontsideflip",2025-04-27 00:41:59+00:00
@SawyerMerritt Remains me of Steve Balmer comment on iPhone ü§´,2025-04-27 00:40:29+00:00
@souliezi my old ass iphone 7 i think LMAOO üò≠üò≠üò≠,2025-04-27 00:39:53+00:00
"$3.49 for 6 Pack iPhone Charger Lightning Cables 
Use  code: 502PMN24 
https://t.co/uXqqLBetqU  
#ad",2025-04-27 00:39:51+00:00
@ShishirShelke1 iPhone X 5.8,2025-04-27 00:39:50+00:00
@STCNewsfeed @lazlototh67 @Rainmaker1973 Bought and paid for by US iphone sales üòÇ,2025-04-27 00:39:38+00:00
"when you wake up, do you really know the date? or do you check your iPhone.

How do you know you woke up in the same universe?",2025-04-27 00:39:31+00:00
"Because i use an iPhone 11 ü§£ü§£and u?
Keep your envidia up üòé",2025-04-27 00:39:05+00:00
"@crit_architect @LukeMiani The iPhone actually came out, though.",2025-04-27 00:38:50+00:00
retweet on twitter dot com please my iphone https://t.co/2Dg3oloYri,2025-04-27 00:38:47+00:00
"@deliclit Exactly, Lana would've filmed it with an iPhone 4, a daddy and a shirt that REALLY comes from Shein",2025-04-27 00:38:43+00:00
@acervobtsr This is galaxy no iphone,2025-04-27 00:38:42+00:00
Check out (2 ) CHEVY  RACING Decals Stickers Chevrolet  Car Truck iPhone FREE SHIPPING https://t.co/iwGoSbQTaU #eBay via @eBay,2025-04-27 00:38:35+00:00
"@blackalpac63833 @bsheth17 @rwang07 Point was, they didn't move it here, don't care about Trump's bs. I don't own an Iphone. Just interesting.",2025-04-27 00:37:58+00:00
"New In Stock! Discover the exceptional Google Pixel &amp; Samsung Tough Cases Hey Puddin Google Pixel Series Samsung Galaxy Series Funny phone cases, Humorous Cases, iphone, android, now at an unmatched price of $26.64
https://t.co/7kpojacZqL
#AndroidCases #PixelCases https://t.co/LUsM3ovEli",2025-04-27 00:37:26+00:00
@beekeeper1416 @Ar15Mvp @BronGotIt i‚Äôd say ur 14 and you just got an iphone like a year ago and that would stand considering you created twitter july last year because that‚Äôs a hilariously laughable take that‚Äôs not even worth arguing,2025-04-27 00:37:07+00:00
@sycho7_ @rick00357876097 Yea which was my point about iphone https://t.co/HNbjAPf5Zd,2025-04-27 00:36:58+00:00
@imnottherebleh Sent from my iPhone https://t.co/UaEBCVio63,2025-04-27 00:36:58+00:00
@CNBC India can make those iPhone components in 2 years,2025-04-27 00:36:31+00:00
"Apple starts iPhone assembly in India for the US market! This will reduce dependence on China and boost India's manufacturing sector. Exciting times ahead!
#AppleIndia #MakeInIndia #iPhone #TechNews #Manufacturing #GrowthStory #StartupIndia #Trending",2025-04-27 00:36:14+00:00
@jaehyia put your number on my iphone 16 pro max,2025-04-27 00:36:14+00:00
@acnewsitics Stop buying from China. Stop supplying the communists with money. The actual cost to build an IPhone is around w0 bucks and you pay 1000+ for it. I guess the sweat shops need money over there. There are alternatives made right here in the good ole USA. https://t.co/5jlONd0bEM,2025-04-27 00:35:53+00:00
"wts lfb iphone ph 

 iPhone 11
‚Äî 7k
‚Äî 100% BH
‚Äî 128 gb
‚Äî factory unlocked
‚Äî truetone &amp; face ID are working
‚Äî charger
‚Äî No issues

wts iphone 11 wtb iphone ph ip 11 wts iPhone 11 ph https://t.co/7x4GFMHLHa",2025-04-27 00:35:48+00:00
"@THATBOYMMAGURU Nightstand. 2018. Valentine's Day.
Michael whispered, 'I want to see every inch of you' to his wife.
Next thing I know, pop! I'm yeeted into a drawer next to some old AA batteries and a broken iPhone charger.
Meanwhile, I could hear the action.
Five rounds. No decision.",2025-04-27 00:35:36+00:00
@WatcherGuru Welp I‚Äôm not buying Made in India iPhone.,2025-04-27 00:35:32+00:00
Check out (2) FORD RACING DECAL Focus Mustang  Escort Car Truck iPhone FREE SHIPPING https://t.co/v0rWV2fqCJ #eBay via @eBay,2025-04-27 00:35:29+00:00
@levie @BillAckman Add to this the time and costs it takes for relocating whole supply chains for e.g. iPhone manufacturing  from China to India will be unbearable in the long run taking also into account the fact that China posses almost all rare earth markets and  supply chains for refining üòé,2025-04-27 00:34:38+00:00
"Branding is not even well understood in Africa because why will you be brand ambassador for intel and you are using iPhone
That‚Äôs enough to lose that brand deal
You cannot be brand ambassador for Pepsi and get caught drinking Coke https://t.co/GyceGmNY58",2025-04-27 00:34:19+00:00
Exciting developments for Apple's first foldable! The iPhone Fold may include Face ID on the inside screen and possibly Touch ID on the power button. Stay tuned!  https://t.co/Is2PwW5Umh https://t.co/G7Uj1Z1SLB,2025-04-27 00:34:17+00:00
@bossolamilekan1 Sir @bossolamilekan1 I have always dreamt to use an iPhone so I can tweet better as a real Barca fan how I wish you can make this happen for me today to celebrate this our win sir ü§≤ü§≤üôèüôèüôè@bossolamilekan1,2025-04-27 00:33:41+00:00
I just received a contribution towards iPhone 16 128GB Pink from Anonymous via Throne. do it againüíó https://t.co/4R0d0SLrHx,2025-04-27 00:33:24+00:00
"üî• HOT RIGHT NOW üî•
Military Smart Watches for Men, 2.01'' HD Display with Bluetooth Calls 100+ Sport Modes, IP68 Waterproof for Swimming Fitness Smart Watch for Android and iPhone Smartwatch, Black

Regular: $79.99
Hot Deal: $19.99 
Total Savings: $60.00 (75% OFF)!

‚ö°Ô∏è This deal https://t.co/K6VL25PTYC",2025-04-27 00:33:00+00:00
Just treated myself to the latest version of my iPhone before $AAPL jacks up the prices. https://t.co/mbsgpYxWMN,2025-04-27 00:32:50+00:00
@DailyNoud Devastating: Ken's joy turned to sorrow as his cherished Candy Crush data vanished with a new iPhone. Heartache in every swipe.,2025-04-27 00:32:44+00:00
"üöÄ JUST RELEASED + EXTRA COUPON! üöÄ
Wireless CarPlay Adapter for Apple, Converts Factory Wired to Wireless CarPlay Stable Fast Connection for Cars from 2017 &amp; for iPhone iOS 10+ Plug &amp; Play Adapter Support Phone Call Siri Control Music
 
Price: $29.49 (Regular: $58.99)
USE CODE: https://t.co/OlCL9tteAq",2025-04-27 00:32:00+00:00
@jennymesmo um iPhone 16,2025-04-27 00:31:47+00:00
"@BensonGeek Make 4k Mobile Iphone Wallpaper 
Godzilla x Kong: The New Empire https://t.co/M7SUBU3vBU",2025-04-27 00:31:28+00:00
"Don‚Äôt know if this is new to the iPad A16, but the time is now displayed when the battery is dead. 

From what I‚Äôve seen, this was previously reserved for iPhone 15 and newer on iOS 18.

When did they add this to the iPad? https://t.co/4dExd4WfVz",2025-04-27 00:30:54+00:00
@BreitbartNews I agree with Tim Cook decision since Chinese people no longer  buying iPhone. It is smart find an under developed country to sell his iPhones.,2025-04-27 00:30:52+00:00
"A little personal iPhone BTS from Thunderbolts*. 

- by @jakeschreier, Thunderbolts* director üé• https://t.co/yswxtu50Eh",2025-04-27 00:30:52+00:00
"@PeterSchiff While your point on tariffs raising costs for Americans is well-taken, the reality seems more nuanced. Apple‚Äôs shift to India for iPhone assembly (Al Jazeera, April 2025) shows some companies are adapting, though not to the U.S., as you noted. 

However, a CNBC survey (April",2025-04-27 00:30:39+00:00
@marc__adler @ChoochSkookum the difference between iphone 4 and iphone 16 somewhat marginal,2025-04-27 00:30:28+00:00
@defense_civil25 Curry-flavoured iPhone. The quality control made in India is very rubbish. I don‚Äôt want to use it.,2025-04-27 00:30:16+00:00
"iphone 13 is the best iphone of all time, apple peaked at that one",2025-04-27 00:30:09+00:00
"@PeterSchiff they dont need to move their factories here, they just need to move them out of china. like apple shifting their iphone production to india. this reduces china's chances of overtaking the us",2025-04-27 00:30:09+00:00
"Personalized Coquette Collage Phone Case, Coquette Collage Custom Floral Phone Case for iPhone 15 14 13 12, Samsung Galaxy s24 s23 Ultra
https://t.co/65PhP9NYTJ",2025-04-27 00:30:06+00:00
Desert island you have only 5 bands to choose from on your iPhone? https://t.co/pneV1NnEkX,2025-04-27 00:30:02+00:00
@BasedBlondex They ruined society. The downfall of America started when the iPhone came out.,2025-04-27 00:29:43+00:00
@_DSensei8 @DailyNoud Cause Ken Carson bought a new iPhone but lost all his saved data in Candy Crush üóø,2025-04-27 00:29:16+00:00
"@OrdinaryInds Jack why am I able to unlock my brothers iPhone with FaceID, is that rare? We aren‚Äôt twins",2025-04-27 00:28:58+00:00
put your phone number in my iphone 16 pro max üòõ https://t.co/kXDiw1OPFV,2025-04-27 00:28:16+00:00
"@TechAficionado7 @SawyerMerritt It‚Äôs crazy we are witnessing Tesla having their iPhone moment and the same people sit on the sidelines.  

Naysayers will be naysayers!",2025-04-27 00:28:06+00:00
"New Galaxy S5 Ultra or new iPhone 

I‚Äôm leaning Galaxy",2025-04-27 00:27:32+00:00
"been using Tidal in d Apple ecosystem . It runs  smoothly on both IPhone n IWatch . I  downloaded many playlists on my iWatch n listen to them with  no problem 

But ,when using d iWatch 2 play directly from d iPhone , d receptiveness is a bit slow. audio quality is great tho",2025-04-27 00:27:23+00:00
does anyone wanna help me with something on adobe express‚Ä¶ trying to get the letters for our caf√© logo to curve but i can‚Äôt do it on the iphone app &amp; my mac is too old to download the app on there üòÉ,2025-04-27 00:26:48+00:00
"This camera kit tool is just fantastic. It is great for the iPhone. 15 pro üì≤ I have seen what this camera kit tool can do. It‚Äôs like shooting with a real DSLR. It‚Äôs just incredible. If I purchased this, it‚Äôs a whole New World for me. Photography. ‚ò∫Ô∏è",2025-04-27 00:26:23+00:00
"Train passes through Train Street, Hanoi. Shot using my iPhone 12 Pro resting against my foot. https://t.co/EsBIZFHMpY",2025-04-27 00:26:09+00:00
"üîóüíª To unlock your iPhone, iCloud, and AT&amp;T, send me a message.

#unlock #icloud #bypass #Powell #Bitcoin #devices #Trump #sbhawks #100daysofcoding #‡πÄ‡∏û‡∏•‡∏á‡∏à‡∏ô‡∏ô‡∏¥‡∏£‡∏±‡∏ô‡∏î‡∏£‡πå #ÿØŸàÿ±Ÿä_ÿ£ÿ®ÿ∑ÿßŸÑ_ÿ£Ÿàÿ±Ÿàÿ®ÿß #100DaysOfHacking #scammed #Autism #faiz #‡∏°‡∏≤‡∏¢‡∏î‡πå #helevier #MayaTVLivexBBFanFest https://t.co/dOXlG2MYtr",2025-04-27 00:25:45+00:00
